,version,id_number,title,description,date_created,last_update,hr_spent,hr_remain,points_gained,is_archived
project_1.hash_brown,3,1,b'gAAAAABqlWH3OzvEXwx5QX3TmIto6hKww4zIPtn1Oa6ooRmtrGMcFrqcZJEqQZhBAzflVf69Bp7LJMBRwDD1i7xtdL8VVe1_CQ==',b'gAAAAABqlWH3zGHIg7OwOezh-F8nQH6UKVVktjLtCJrjoEk_ZkizrJp9pBPJ2m0niZbLtsqRKsPh9yxJP4MuWVPTFvaKtvE-qJIAXzP399tIG4GC9hkEKmtXYiSejqr3tIIsvJ4OMq3wsrAIRKu4WpPITIweG6851Z0pNFRwTgoeiUH-2rzkGEG1RZ-rihticNXyihBX1zl2EaUdpoZHbz4CdhYtmcUJrt-N7T9cCABTLYBAdyXzxsufelra25_yscbRa42bJ5WER_tZ2jQAGywPZ48pmiY57R4G4OKCgWQyDO6uzwBiT0bFt6gUE2v_x_-40uH2O6n3OK17Sl7cq0j8h_8XHH6dU15c12_IB6ZEfMyGDmOzcVx6cNENIHpJ7P0tVlAj7Uld38-EYIIsxrOkU6BcoUxJOFWgiqXFa86OFDoHOSHYM6jHgvmRvREr8U8_QWOkX7rP_Kn-Es3M1XeKofOeZ8iRCz10N0eTBZ55wYUA-VaD1bhLLSoFsEDGzwiFaCB1FkSwKZjcINKgBND4h_HtSbyVeb98Lf3Up-n7W9U5JMuu-jjJLz1p1FuCPvxV1_kXnjii',b'gAAAAABqlWH3lTOOBXqWez_zk0MwPETZJ6_IuHzdIPgji7gGNxdh_-pyY_3DYvILlng0licJx5hg5Lko5tKp_xiSOfv5L5rT4gu8WCYLSOO8wI-TOkhPngs=',b'gAAAAABqlWH3PLhFFxXGawZeXRwMBLnQjCYKx8xakGgR9YZFQg_nBddqftlNvu6YZxeAJPKjZeEPPnhgbIS23AgAQ1bl5TdPm3kDbV3_avaB561XfQ8l3OrGd8Fso704D4abkXEUfCOh',b'gAAAAABqlWH3s91r8n1odpdbHpD8Qjt5FJtBtuOwFBb76-RAvOeSisFZqNJo5DFpmzFmykY7Qm3JyNc2M6nlmn-NqNFCRzzY4Q==',b'gAAAAABqlWH3Q7afxkHCxBVoFYYLRS6LYDdukphMSZd3PifPLVPQ6Gf3WBK6mufLuE3wDFkDmCLaEGeYwRjMwmHpXNC3nFDvJA==',b'gAAAAABqlWH3_AeeccsCdsNF8Xlr3mgIdLAGXyaFY2tcm08BhDwdj-jY0z_V8lL6bX78622g9z-NqJEnY8aB3Hikl6oHoAICDA==',b'gAAAAABqlWH3HX0gRvpS8MjId6Fe9RY_pN8CE_mslqYzSxrjmrhPgRRikjRva0P31alRDT_94v3HHGgEMft3jhKLEpXtq09s0w=='
project_2.hash_brown,3,2,b'gAAAAABqlWH3coI1A-v1pNc2fMJip7LgpQjfvy-qB6fB6um7AOmjlQWPy-BAfS0qxI8fGlvCVy3bj9y1tquRHLTTgYWAC_ra_CHuPo97hxwjpZFSMirrXT4=',b'gAAAAABqlWH3bJsgX3RZTF11E23BM-z1RPGjztA74qyE4KpMtcZYzJnZyWDL1-c8c11EU6671-LH3yFEKwvcQjB8EoVlHTrf5pwKgIpmEime-TTQ6tIaOORSAY2ET2w1vsRjmb-ACXi5BvzgW2cePm7LSYpSx3ltKTSZPcs4s_3iepKI49h_nsnPAih06smGQxOt96vgu8Sw3_DZTzucFgDy1g4u7vhZCUoCVdXBeMfxWCsdVBmZa_l2pG1dGkiNeYh3RPHgWBpsLzGLV9-WEDuZkXcjlgabmoLSIj5bU55fDFox9jr5IN1nt6DXciObkphmD28M4LF94UrhavmMM7sVeN3rJbLRwsNmjUOd4fqTdcTR-sT-VFDGnwYSGetSvolvL5eFPSXr9a7V1AxtlZb1csEJfUbh_3gHj1tPNfhGOZLCEAQuuEWZKfjdDmO-7Kw5Xo5C2YVqkuBvsBJraOfNzH1qYuuw9NZHWIkT27WBvEF76Sw8RPZ4T43QqGj-_B1AEzOgv0GYdg-n12QyoEW0jADadmtt_GUyUd4NW3iyurgVeH0j_YVampDzjPB5hrqjfNqgEYszZPDuKpITmDvNqj6B96iDAaXwtOHR9no9PNDBFEgHE1av9ehyyzpeaqnTyqxyZzCBsl5gUYr12Yj74D-mz-atc-MTNW3jPgQ-bxmOi9_M_TzmuJcNnpaJRspk90sI2yu-nYSiGpLDNT0NkQjTO9pYI5JgY2Iqa-d430qiN-0C110DpH9_oHtZJ85GdqtVpDhA',b'gAAAAABqlWH3o6W4BNfomdp4OFpH7L8TinrzSt-LT3u2NJ7bRFoVxnq5QzyjHH8kZOPoA1j5SRpWMUxiXMoIfigWSz7W0MmY_Aevw-cl_amYCq0JLOcUSKzcuBeVQTDbxLU4HiRNWR7X',b'gAAAAABqlWH3snwK8hsNVwwvlTexg95ZiF-yOTpDvG_HsyGXarEN2FbAcWZu_uHXZqPqpfTR_m4_m6b6iPSO7SscRCeTP3HWF-vpUWndlIFDlqEQyz9jUOAhRfPjc-OGINzel6ICn1jQ',b'gAAAAABqlWH3iYMvoK4arpqaCY0uivgZxRC2CrhrWKHmO4W4n51BDUS-gmCwSWL5NOv8UNuhej9nRiHsYcO6zBBgFd6EG80zqw==',b'gAAAAABqlWH3rsOQo99JXb-NY0S6hxqkutx8HPdARGTFM5PQRCpgBabGlVfnTr6G1QOxSbMTnB4VzTNO93jgEsyhRYk63JSsXg==',b'gAAAAABqlWH3CVuC-BDauq_dyddhstADSQCNfVdT2JTr_O3jZGb2PTzqG18OmU_68KjaJ-KHIkvRANdh_P5l7g-Vvl3-X1Pkgw==',b'gAAAAABqlWH3vmbaLonBzNxy4ywe3GsKNmJjo41SXGOef8My7Uco3n32UXb_OyjI2Be6dEmBBwpf7oTzQnjHKFGtJYu7vPpa2w=='
project_3.hash_brown,3,3,b'gAAAAABqlWH3wGQsNIRxS2FZep8sB859P5BLx85l9yvUWwUXYToq_nV3zMuj5cfTWCsFlXRDyUcL5XHavuxegYWwB5t7xYe8Zl9XhaqZzatT7fmK69IQ1PI=',b'gAAAAABqlWH3b5tXR-aj1J5OO-hRIihttIGYNN7BLP5cAI43wkx1lpPVQYtAFR9xPc4SATxyFgbINhzCgzJPlIcgH4DtMiNODt2-cuAI8U9qu9ty5CnEjA190A6mFvTw6UsRCqMR2Ih2AyvFKet_o9MCxOmnxrADxiW3wHtnaVGnuCXivyXuEqdXMre9alWbgkzZYxVBjXmxjeGdkCOr82HYdDdkJKxu3UILJwXDUifsyMViUrdefDofpKKdwa6lh73v3da51jFENNCsKWMUlaQERRPLbqo7hA==',b'gAAAAABqlWH3TcXxNUMGsv-ihk3r1z7KKirJ4ZBXbZze9TBTgsgIFPcRD87DWlwmm3uO04kmFtZWyVEp0J9Eh53WbGV0WdrCT7tGp33F3x17j8sSHjGYP9rmJcpEOFjeY1kiM8g851Do',b'gAAAAABqlWH3Ud_wiRBTUZnbL33-DIdeUj3gYm7VhxDwvo647J3IierXsd-Z7omfGg_ofqE2NqOsJNJPsiyIvUUf93imK4Ruwqn5W0_0wG7By88ECpK4IrekHGZdN-GjnIYvRFtPUOLL',b'gAAAAABqlWH36Gb7nFMTRB9iSDJV65x3zPJ4xTnP1QtkncG9sKtETok1ATbXUiyFlxNKRT-vmvHU5I4TeP2_Eh5RMomms7TGQQ==',b'gAAAAABqlWH3Qi7k2qCabXD1JKs3F4JYjSeP72G-W1dL57VeK_30mioXKhqY0Gu85t2kycRPjvwOC7znHmXLAA4ibg8X5NDVSA==',b'gAAAAABqlWH3FIw2dmQRtwE-6nv6667375exEzrbXBy6QOj9PaGzVPNlw6Ir_g9UIXiJ3_NAj8oo8gOfqZN8BWagHQQSy2Hw6g==',b'gAAAAABqlWH3rl6AV-dOswqKH4q3kvFi_GV-v-K6PwslrhPkS-NhSXKDR07eaV9JdNwUMpmQbfI1Ep8KpJl3y4SW6r__Ju53DA=='
project_5.hash_brown,3,5,b'gAAAAABqlWH3rjlcQzZHB3lp49j0nqNaciXiMRmpLMD0PyDF48O8nL5qx3-gKf1VpSz7D9OIRLh9AZwEcislYnyYEwkVtAhN-PN-n5jDI0t5neDksSa1hKw=',b'gAAAAABqlWH36arDRyGQoCRVG-IGQcmYBowJJ_YZOzyVbzw1kW-zrKGY9nMJCSPmJIViBlBtXyvIX_uMztRh7YLFXwqeMs65nlE9TYMEFJpoQazTG1TSdYqTEBexVSdi9edHgA-0IHs54lxkDoF_AvQP4q9FQodJfDOjcVpT8x1RFebqHNvHEp4=',b'gAAAAABqlWH3Rf2ORpIOHFKKb2BqYRE9eNvbZK6rBNOk94jn8IEM9aYr2CohVRyxUAmLIBW83HW7MAZypYtFqYGm36lAXVZw3GZvZXKzebUPfZdMtVpRsRM=',b'gAAAAABqlWH3F3yftfvRhhgnudvaNRuKtCoUTItYsfCIgfQxTraiO3-b3m0D4TkmULHcFWbRO-6X3mhqqhW9wARa2WAcB9N7G5TpDTMhx2ur0zRbse-6b6Pgw9qJq-wseWIYe7zAovOy',b'gAAAAABqlWH33op434l1guP5TA4Y_pWulYrkSfwj9MJoriNzbj70f2VcAOFWMtuhDtOHObD72bBsMlTJZCIqc9mrj5lj48FwZQ==',b'gAAAAABqlWH38b4ij2E-U5Ji8gRKoG-sDxWnpZ_je6uHwmDYa0jSV1IqyP49RuUX9HTOnZRZNo5V2DuPw8DoTFkdInipw6Sgug==',b'gAAAAABqlWH3DlyM60FLCj-B0Zxo6KMHyjCqWxaZMs3dEa25auUdHI7c77buGh5--mWENJCCNsh9pAGMMIS0_7BKlsWJjd1y5A==',b'gAAAAABqlWH3GkLJc90-GObCq7J3oYmlN1IPxcbtbYlfrtgH-h13Zdd0s-yyVOj7lN3sN_F3ellY4en1e9bfqNFTmeWjRmu4Xg=='
project_6.hash_brown,3,6,b'gAAAAABqlWH3DuVgR8HPru0VyhrFukhFmrouwSDY0etU3V23x9YrmD-BNqs-j65_Yvx5VuPSa9Kpk-N0_F1YZHFuju0ujqVFASqYT639P5wuw5_dwXzqZMQ=',b'gAAAAABqlWH3ab9nrHBb9K5_s6q3bVZX9U_y1YU6abXl_9O2tWJXZcheWfU3NLsacCELYf1Wnbj5h8VHaLN7VER6jcSFNIVz0vsEm6CnLfwhp5Rzez8PAoEQ3xM-y2B95hmi8QG_K76GJ6fTajjsz3qdrHkO5msv5GaoYPZSF_6UrDkEcgCYnSMiPN88Y5TPRnDJF3Bi93ZJdalXYdWYA1dk3k5aKZj_VG16p0IZ0dl4LVCXf7qAgeApl6L3oxad-pU-QkeIgZOPrmg7F4flSbKLJAq8I8AE9d-1BDsg5aPDxnIEjENSn41nk-JdFTrwhnEMYgguPlD7yjcm0BXddXEcPH13FGR7g3slDTnIkjkqAjYI0Q8bqi6QgzPx2MOw47Dc8nEdR0o9nN4RCjOYOgASeo7zNTaoNX4mOujOy2uHMcS4DtgLZnugJK08ngxNuwiI4uCXyxfU',b'gAAAAABqlWH3uYrf-blMZJHE8PjWNKKNRHQ_Y_0aw2mrtYBwDUJDes7GmAQ1wF_tauoeDrQ77iYotAmBcTG3irgkBikD9MGM2uf7IRIoHJ-4cNBtZhMrXfY=',b'gAAAAABqlWH374lojqcYkbhj-ZVprVkEKVJQToRIjmmhRcCWOlX25LyWtD5jUVu-B_arz-USZdmVQZ30WHz4LsiS0PPrPkG0GITEsr2XIj1hNgAbUi59ZQA=',b'gAAAAABqlWH3OQPWc6iHlfSnbb4r5FdDb7N4KzQKaPTtpXxoxZeb7w1OizQhlcMyx6QNoTYn8L1lpbEFYyQv1j-9GuJAfa9VVg==',b'gAAAAABqlWH3L9P2vFC6dA88R-LzubcTTrxEQ48EAKZrV7-SpbdVg7BPu29uDkqIeuff46Jiu6BENII7jyZK4QeVUbmrEWlC-w==',b'gAAAAABqlWH38eARkQsRpGTgQsGyJYGIPfWHDD-GEJ-RBEi4Joq4pkbaAT0yT4nqxUPsY5yCa4NUWytXskvf7-mMCwtTTbJthQ==',b'gAAAAABqlWH3-b9NzZfLgGc4HYspyAfLlp_rq1cbJnjZ7ON_S_psmfjXfmRutmX8LBTQGvLH-l2zrd-EY4rF8k-Utj8TyDNjGQ=='
project_8.hash_brown,3,8,b'gAAAAABqlWH3mblKBmrLXp80FAtGIcTPqw5SE-dr6Ib5lVZBQ1WISYUqNNO4EskNOcpgWXIRHgJ_kDv7r7WkJ4OC5qw5zmx9FVYNkj8MxoAHURVQetnJEhM=',b'gAAAAABqlWH3Z6GFywMAlSDJ_O6pmgIiW7dKmn1s8j7kgH8GwvozBKlkfbIwlxnXALVKoBf56hybfTER0rXGd6H5plZB9Z46Il9UXIfEBS2ZNWq1CZPyHUatxaT16oIEWZ4Jw3OKOQkzjGT93NP-0-pwmn_ZlZy8s3Ny_WP4qr8CxsV2FWIKARp_O15px6z8XbVxPic0NFZGcLrouOMF7SaJoFVG0E-NIS5B7pBAVJ0wEExrndCJi4L5gdsHx2ZX-vZD-gwPoWYyUF9p3QU-ZZJSaU4KkwpWtRJsLjGv3y9ddqcEjl3SUATwkFItyhygXLF3lFjwC11njQdh4FH2WYqtp3F6iPPAdE3ZvTM_VEZSUPP1eG4z9WrMWsNJpAmFEBWOfCnkqjxVIu8CgURoDEDj9S5P4xffcZj7srqpcnDLcscj_Aa1ZQ0=',b'gAAAAABqlWH3k5Jvk_ZgW_qQhKgt283CKdbXhfrc06ixb4IODlCHSkRuTd9Y6xGF_huPZc2YNancW8IWgxiopSPliJDtJ5UjbenS7HKTChQqdgzd3cSOAsc=',b'gAAAAABqlWH3jB7qdkg9rrMZQJvGNc6AORCvX7oxeCDtfECxgwLUVDdQr1luwtzjQi7cv9G9pHtL5unaUYPdnFXcUmdB_19AZXH5w5VsT5lW27geYN-z3R0=',b'gAAAAABqlWH3Aa4vkA-NMwT2V0wb4HY6RjeTeLsa8gZTeWEa2eQGhl41vglOYfzI_7vmVVhPhT2c4_W4KxPrNunDZkv4f4g31Q==',b'gAAAAABqlWH3Dr4a5-MKdlEgLeM3jJsh5zQLuyzZksYYDc40lZs_lGMn48tLBMdPm2Oenn8Y_QtXsheHlbzcmUg75JMIZqn1UA==',b'gAAAAABqlWH34-GY8DQ-Z7Q9UF_hBpJ5NcthbAZg8OY8ceYUjmxHMpSPi_Xo9cnNsBIplOY4fK_HOkcwJOlydGtjh_oVrDZgxA==',b'gAAAAABqlWH3h88sxVlmeJHAaDPIptMP7mxoNDmzBgLY4qYzLNERL9uoPA85R8dZzQNdL_gEM0vMwHcTOMs5skdgshzA1RzvdQ=='
project_9.hash_brown,3,9,b'gAAAAABqlWH3ZG5f7_HxKpcMKJ0OA5EWm87Waecfm9PUnhW7yZGuWhDbzivGFq-ZXUTYtpJfi8UCSGKLl-pGEp2qyPENixcFL4fhlYJ6ycC6AqZf-9Gs2fPDzhNqvR0DBwoTCP9MjT8u',b'gAAAAABqlWH3U1NMmYKng8loALrMgVR5oycmRMpNm1cc2kTcABCSNQSoSVIRO6_vRqkLV8ABGiQlw_0CuC8WB8kqAiCnQU7Y0GtKW_RBnuV1y5-yTuGrKgfd7D5ovfoDWaxpV-lWpoK7J-NmdaqlQF6AxgHtmy30lgr5yB73X0BVMGFknfPaukBGIvhx_1xoCnKow1RyvMaM5szMMTLXkJBYix7QSJNnv8SNVOb9TjS08t0T9gsgUp3NGnHHxJMsjcZRxYZkgsS5X8W6qHNRAkZ_kFX4Az7NsgDeDK8u58AGj1hggVKwfClYJN9oQDz88VwDxoXefxPbCoW_kpUNhjrgBkLIa5e8qd2KfIzQdk4QBr3FHHKZhlPu2OoQMLm5KVDUokahWBfYvIdTSy0UDlq4nSAuNBAsM4FnRNKqy_ZJ0TBSx0TV9bPz7QM6fKVcW4zX4EsHNsI2PLe3TEBU85sj54hGf4AvPRijlbjPvjVWB4HMzEEBUmchl8AAu4PohkdzfNUIzQlghu6fQboyxtFJQFqEQbrzgGFHQmNnno33qL4EALA5eHWhEgg4y3Ee3m_alGfq0nGy2IDYDEUH8sFNQ5JI20N9OWtpxdvEQ0J0lbCiywYlP_tbGVIV3oVDTP4wokd2k9A0JpOPjwBnS0Tcx3FwW5Hx_6NK9lG_BdG9KCWbk-z-sRmBRN4I46ibwiQJiKikFL7ngnYL2-81gzlytckDXQncxScDkV3zTGjry9lwXkhmtrg7SGFfeuxUDb6fesrjP40sB7I6AToYqxvOpxdV2kxv856cnn4axNGC2aTE0ylFN5BRzpIyIsJa5iWluEU_lZee8kBJweicGPCJXopxladBLkMbT4VBA6ct4FnWmtAaaBBQsBlQGOqjbOWbTSWuwQS1xrolXGBrn8cgGgd0mXz3pF4ljdl4WMZsLg69mh5QpXGQXURv_4b3jPhfJViCm-VoLHjDT_zqfEirJq8iJ0ZXa_177dQfs_vDvQKc7se7qzQ78KB92MFnVxGeSiK7jiJr1Ycta_DpJPB7ChT_lXuRfG0CRptfkt3Bhbmvk1bsB-Fo6-4TEKPjDklQmwWT3sLU0mz1e0tOYoagUc-RTUcez6pP7geSKkOQw3w8J2EHxstJsor0mlHT59m1r-36cYJwGQ13jki66WhIEdYLSBna23hNCz6xZZfdGw9YGZTjq9Bt-nMP606dJb8NDyKfgg0umS5_njyEyDSV36bxKg1MWy124l1KBZy9PrE6b2c4EmJG18Q4_HyeSUe6mbuOTg5OR35CBOoPD7IUqWe_a0DGl19GsgkLfZ0O5lCKeCnvU-U0UY72KismZH87hOFwGRd11VvcTurGooPJH1uUQlsyjxUatCnH1GxZirYVUXY9yTwiZ7KMn_Nu_QbVGo9FmWI4idxtpFRxRKwnnGLqjmPfW1n1cSPTuacEFyqn4T5Ai4x89FUqFRTo3l0nnwzglYUbv06LKXAoDES2rvsSUY9QuRU9S97I9DpkgulIdyyln7IYorRJ7PHulTbsRTkZCl5oC35i0GHtAfIpMZDUDkx1MuCpbSd8t-B1csuQ4C4IxgETcXN6kQINMbrvRE6t03pJnyUutcLjsb3uTvZkkTxy_w6EXHcKQd_676MNd__uqwdQexpcMMTfmvmyLTzK7ohEdOtl8qOoFfUWlTgUM9GefggExsEetvTzoOrEydFHoEImgJvaL4ag0jxOjyc_xeT6W1RSnG2CXeGwJZBeZlnXq5Naa5nZgu7i5ztpg2Y8RJXfUVjjW-g0O8cQxQpZsWnFzaXKYACVZOhYWS0DMioyORWVXMJoKfjNLP90AlQN94PALjAX-DSf1oYp5bLhFJ56zGZah2L4Wh7b09T5xZ2TYeZkzkdAVpp7qoaIoHuYIYMxeAQY1983sJbf7KSOTjkEKktDvCW6fSZD9BS_RFoLfjhsaioEeGHaLO0dj774wB8V8N8tTlM8FCyoEoUxM511Hlt254XVS2Pev1J8pWX7XytJEARgp8vrh_yUepTpHFbqLbARnSWK6vWbMG2B-mBQoALcE2UoiWrfh44GqHnGf5ap4eqjrI6N4GGN5Ug_2SheDl-hCRSoonU_BByGM9drzlqov6QbTwk_TC931o4UX-zStNBV8sfEGqJUdhRhdUoZagzlVMinPgcq-d8H7I1tK5B_i9d6wuOVKVlV4NN218zcVrCYUe9MI-zUZ7hVM_QLFr4ueTpdIpA7HaMBfMp-wwdTBEvzrRnHJ2Ls35WmNRBRKkqs5AMgMxQa8dHGEvVk6D56XdwtdFr24RiPTFL8heMmIaBpAAirbyQF87XOA7FbxibgyuaNabQgKKod3YhStu5YjDyGmGTRfHPaxQ5_t0EgL2cpTsHM8PL_uH5cLX8giDvHJtnxyjK5V0fDIX9yWKjuIpVzYZHciir1jApgD2TIq1FY7sJnOo3NnJ_7hJ5OxkSjHJMClsVKsQPG2NkoWKIdPSmxbG3s-g2jZPMs',b'gAAAAABqlWH3HMF_JkqEDnceIOusUqmWRnePnKlGmsruwgDvGDZtuMgJand1Iy367mX-sQuq4q3XtOW5IOUf1sUuwxFf-jF9I16XXT-KfobWTvmlWGr3A2nHDUXoYkY6Lri_ksrSVhJ-',b'gAAAAABqlWH3X4a8XxDhx4AGoFGlAHFCIA5fAQ0lDCqDeMLPTIs_090C2djT7UfXYeMFyJReZftn8edOW4B9_GFbuBZG9pe3CELUOArgtP8KzTZfHMdfefvzfrNvmXnx4EIL0mYCp_wH',b'gAAAAABqlWH3mFMKbhDb-svdvL55Nm6SqgcqzVUkKyz2YrKSbifElVMz2mn-_wkF5d5NIs8cPmyvT2LMHJOIQc83A0lZTsTtow==',b'gAAAAABqlWH3uBafSpkoz23q0upbQEm-khmobhps3ng3oFUI1JI0u8C7EDd6FQcuOr8ji4hw5VuhlcApuFEUqEXqefvnJJivww==',b'gAAAAABqlWH334R7m7mCTZ8ph8i5FtAX4307AJpuhBemmsWg_75rbmmLUEY6hqxzkYvCwMTFUVIanWtwMI16Q57XmXugDbXzow==',b'gAAAAABqlWH3t-e-NJfyrQ0Cr9cDEXR2ZClRpzuLC6R2PZPi8iWAFdo-T3nvnbRvv4qXG93K5lRtUGjhQgpi-1_99M9MnnvvTg=='
project_10.hash_brown,3,10,b'gAAAAABqlWH3h8JKZEhcWRTOOd7-K92iFw_fquCaUtiXOSRtbqzg49UWEbZEAdSlpJ_GFb6Mis_j4WQpZzX4h3yIZSZePAjUSkIT4sBIEw7YBOe_couYOUIWWy7Hb6uLyZ04F906LYE8',b'gAAAAABqlWH3qE6UZONev3WC9_O3NErT4hXkx1dxENtbXvqcsTVCGYiMKjrzik-oG41GfQW_voC-8l9upg2KiCEzBGGaLywvcfuqjqhAo87FgGA3BKoE7bJyo3Qxg_W61MAdy4DUVpho11PPKYWHHRAv6ebiZP8Cs9_O4x50yXcQgrk5EKlT6PFNLYNhPl7fWdVcDuunagjK-hl8bKtaZjPba199P6zql6WrwYM4i3wkgM98dBorjLeeKkCFpHMtwQWjdAbsH7f6AmQrroFfNKj8Jn0b_Y57NqkEc8rM-1h9l_o6q6rSFNH2uMMYY1JKrBw_gij1rESftJSz6Ovm3BmB8mnpKxbQ3I-R2PJ-mmRFU_lkFLAwVW2_geE8OGrYiNzsPMCYLtpeXTISjJKt9ynBOJ_jSOqjjoJbGOfIATg2DoqI08Av1ghQSujer9ehZ2JnLdEQ3FY0qPDFZmll-4e4Zg133maP85BeYTc1keHPuRsHvP_cJrxBLbTPlFDaBV1pPgic4AXpE8HyIwwtfhmnuXCDI_IODV4FyvrXIiyNJ5Zjm_1pTR3gbC6jtS52BIvGVeD0DX_-eI6hhlIGOzXvpEEF78maSD0ix91ECBjGT6QZ5Qup7OGrp25SdCpxyyCXOrLt9m24mrnuttGXRku7X6Xp0LrNQAmpsQZhz6JgGL4Q72Tcc4VwIGq6L6hXV9Tw1Uk7v6Aiv1Vl4gC4Ao3LApLxIEoSrAhsHip4XRRAQzRJcn19p2tdDaNl_y-B47Zl2Pkq152sy1KvqmvUwpvY9OrVaDAeIZ11R1JwArs2i0M1qjDm3qPFwcHzZbEVQlYBoPnapYb8apBx1dT7TgpM5xT-HG8zK_tyXQ0Vgz0eUmnqoovmZRW9nEOIpkaBeG3yrwIHpzrJta3iChTLkGBdSIXSZcgfZg==',b'gAAAAABqlWH3_2CzGT-7--V4Phmr0_Mbsz_nKrBBtk9pQlkYofaGWDGRJXd-2x1GYDHsjagWALdCa9gKP9PRMgljv2JLxshh6UWK2y1-0c5R8ayGxie6rHQ=',b'gAAAAABqlWH32kMR3VDDXOfUz9s3Qarkvnz1LPZAhWTcZh26cO0I-dvoYPjRZmVYmWCcKdUjwD5_ZLgwVIIb-ipwlpAuNV56itU-QVDp27smYxMoA7Ri8u_UG48K1oyHRxUIdeEuotsV',b'gAAAAABqlWH3LNoaGYAZKZR8RbpOynawkwFBk_4ZPOf6h09CnUhgdcsDuR9i06DfaWmAYjzsLFnC35JzXYzl--50qgGD51PfVQ==',b'gAAAAABqlWH3P_2Aq7eiVMXaG9Bp_1VuhVmwAN59zhFf6RTgl-d3CgN_ADT-ZOA-aCG7uW3sLRE3JyzoHbCYrPqnVGrJfbdvkA==',b'gAAAAABqlWH3JSzcBn1Lm_5BFpp16MnC10XoiSlOASBqmcL7Pzy9mHq9zZ62gx9Q0Sop0Hi3vs-hKXcUg17sC9TiLM7e84y4Nw==',b'gAAAAABqlWH36KygbCiKsxp6VKlYjiRmPA38X_EtXhrQHqacplYIgeUhodEkN2xT6VL2yV6ioU1rPAkcCIpw9RluRXYcM2ml5w=='
project_11.hash_brown,3,11,b'gAAAAABqlWH3hMm_UquI4ldD4Fr7Cp7wHuzyeUNkkGF1aZbzGrs5FxQez-az9021huhfekYItvlkQlKlXqwXBv_YYkBWmBtiqDPOssYzaBUPl8riqUN1ZfQ=',b'gAAAAABqlWH3Md5UQadSGcCyKmfrcLa_BuchSOW8pefFULpcGGQFT5gMRyGPleNHauyCS3DIlgwpwzqbMlIS6zEPXkunO2zn9w==',b'gAAAAABqlWH3_4LhhmgV4LaOZ1SF1WOuTqxFOyWehvNJTKBfAqX6ERLP7Blb-36uJQDYmNsVRW2DVkBYlnB5cRWSQul9JS8n1SgeC-yUtx5D-3U4Tt9t7BuwJIidfceraM_LwXXT3njO',b'gAAAAABqlWH3iAVosyycW1p4Bwhy1E_ooGw_3MwgypoEFE4206EdOggQE4G8wSDNmpKEzmQgJDy9-vqRmDhTaJUg-qPgO7QpDPnfbIr9leOSNXR5b2lzn5IgFHiFxXw7nzFxTOkkQiDH',b'gAAAAABqlWH3ezpJUPG-18nbiaD7zArC-NugggCluUf7xERGm5FKlbODOz-2DvQ3U6E66PFSir0ghq4IibNWHMferl5MrW-IOQ==',b'gAAAAABqlWH3zQ_ElZfFCXtbBMOhpU5zeDsu5GUvsJWwm7pF_sEekDX4Ulyk9pHyftpgO5YQ3X11uREhKzL1zQ5CfnNbWVQpXg==',b'gAAAAABqlWH3I3J8OqxHn9QwYc0i0rqapbWjSFCysYFDYadS6jjpF-bE3IoQGEKUL7KwBvDyiIxMjH-8mvD-wP9QnYbux4sNpQ==',b'gAAAAABqlWH3MnJ7tQDBIUQMR0n41flufQsnisXX1tlV7yh8oBOQALJ9jyP7ErAEWSSX4YAgggLfVhYZ5ayoAiS0ceKBfJnmoQ=='
project_12.hash_brown,3,12,b'gAAAAABqlWH3QFs36ag4KCKAB567hAwmVsDu7h78HTVfIyEj0x53S-kAgFKJCjdeCsgOzII-2Jiw_qERwUXY7YFXvICuwVXGrNM4XGaWNKiVoJLwBR5NCO0=',b'gAAAAABqlWH3fNcO_myKMqcGlXNnCcS0JXfbU2P4yAgqbNFPB9lyyrQcNsfkF9iGG_qM7cmCSiM4phNOXSSQRfUBw9CNUEX-SqM6qAwKUcUK6IhkWXqRYd2z2unMX0xVMzAqgnBbvqYyg4UGL_Gvca9sZtiVWkAU2Wv-ZwEAqbI3GpcX3Sffj3mhDGL8aBvmJ9IJAKsmHPl3r-lhE5PltuKzifvz9jTJUQakzTxJOcnlf8PrxpTj6PQv-ORfA9tDETSrmXBLzNNMwDnVkMDMenrXJBYEFqBjIEjdo10Cs4U5EFgBnqOKr491GF2s1J5T9ika1QCeQ8_3eU_MOUf5O6ZNz9qvopHjanZnEzwrYRUcOaRSwqLwBMrxuoL_-HIaP6FIbBgf2ZHOuhnPk1AiobRTB4sGGfvyYfjWe1JMV_eZ8uB0pWgWeeySoFPL-IfAIPVlsvJcXkdQtPFOgHmvX2rYJ22O4q6kHwT5SiiSvsbic6-o6GR7X8XUblC1rFKdBMGEn0KVD624H8O31NduF0s0BOGt1EFwByyhSjCLIxJHkDPuYYXLy-n_LE1aH_4oqK0ausaiNq90',b'gAAAAABqlWH3qosoy22QtM7QOmO4biikpAVQe-ycShEPx5KtBobpGC6n6Iuw4NKWCyV47VAXuNn01qKBEoO8ugok50xq22xdNEQ13yDFqPh7NJPCcxgUhhcHYybRi8pLTqFIB4qEcodp',b'gAAAAABqlWH3obfAxAerr-fypf2QwAq5ZDt5NrAmtN0b3IBQYam3gLF-eriWp4jQIXFsBJBl7FW58UIUuxCADDpw3P5mnk7eBeLyrlaE4Q_3yVFS1BSfAZwqMS13UuL5xQoJbVF_ty4x',b'gAAAAABqlWH3iFOEfJjeHZJuBzg4zjdxZQctqiPw-mqlF31-7-cHaprc6R5duFFLRd0HBpKckkJr8mlLAKervMPFoV7rVsb9sw==',b'gAAAAABqlWH3aTYLQ1HaYZdi1OpIP2NAiyamEtEpyrpEzN8IPqQhZ9moy0IzFgBgekSDo4gYWJJxaUhkf8uqckJfLifpR2UsvA==',b'gAAAAABqlWH3gM_BKXWsKBOMWshD-r1W9gNz60alijqLIhtDbOQE0IGTnSawMk0jRCkJBwm4bk3DZPFTCRTXCS_T3BnJCXS_jQ==',b'gAAAAABqlWH3J4usFruu7DcX575-pZZ1K-_zVw4Tb-jS8dUz5dPQn0i-bvkJGLvU6YWuuLPwXxyQ0L-y99Cvu7uYwxhHCowazg=='
project_13.hash_brown,3,13,b'gAAAAABqlWH3wZBN3TJ3Ws_T3GKLqPCKezu8wCplmUf_P9lj8pob3yXwuelLYzZP_D-fXfPQUfs20dOOaFcC4g1gt6ykz_zbxw==',b'gAAAAABqlWH3VjRWjoZMiK4bPpulRUnooU_hhCt-XbtJ1G7AMyLtPze1uviKGgUgSgAg0M2n0SdNh_VwyFE5s8nklQMLn6Nwf8u1t5rqLKVm-lXzbZkyGTmOsKBMS_VvPRTDa2-IaCv6ShPzwXKavZYVkJUY0gTK3ZKPwFzEYhmHTBpVZrLqOoq_jIeadAdd5S5jK1j87_DrGWAa9MTc3wzIGW9_mo0rEYrHjtsfH3dUrXWRTlHu70EUu-l4eh7GMKpxm23cN7frhmcmPB1_Ez_tkEQ0KaCaqSPMi7oOLzy5bDYy8KCPV_xLXlUkmUstWp9AbYwa6S_f',b'gAAAAABqlWH3Q2nxcZ_dx5gFHrGlg2bdAz0cB1WqNIeKLCYVbDGnPuv9Y3053Z_lmbvl3yv6U6c-OT5CHIT7S83dCQSd9bgL6s99xxyjFQsPy2fJmmUHQmwhaeD_iyDeCM_LrCS_-Wgy',b'gAAAAABqlWH3Z05xnhh7z4kx-eiyQGWTlEarU11VpJrRTax7sttj4uMtdFuu5bNftH5OJ21EH1MDnF8rpyz23nc8Mr9d5DiSDXVogscfXH1sdqMaAZJwjJNBi_VE4pY7p81NoYJ5P5LS',b'gAAAAABqlWH3SBuUpEXS4xaa2jqoh_GZpuM-dSdFGYB5m-t3PIxOHZlR8JTdnj7mPx-zytnZcz6S7w_bHS-5sQz8V2rsKAOFjA==',b'gAAAAABqlWH3Heu46fEPfQ2er9te46PveggZktQdN5_-yFFpvgE4lwi0iG2M_hEwllCYwZ9fdL7Juucc6GbbEckkU26tbA8AXg==',b'gAAAAABqlWH358ROnINZyBYMIKQhu3I_3dV7ZKXqz9_yHKDu2StAJdfHrH2l5zW8JM61CIRTq_athbsxqZKF7fEL5xXf-ozqPg==',b'gAAAAABqlWH3btFnefcMvcH2F72-ts5xkVEYu_4lh3Pamcr-pRPfwj2a6_jB6uO96_3UUI8gLQpxi-GdGYkyRXoHQm2reD0M7Q=='
project_14.hash_brown,3,14,b'gAAAAABqlWH3BXcQ1VQTxqNOTTOqyrU63oFdBm8azplN1h8csU0HAfCXZfe1cGsQT33XcVblp99UhTD2rAg5Lrjcvt2EuMfpnLpsGqCU9wGblemq6Q-yYAM=',b'gAAAAABqlWH34AyAg8u0SYLN6orEGzs6SIbWlf6KKrFLDjKu5EUgM4lpa9YfmFcD9uF0r5siPSSzrHpUACA4Y_auWp1-8-T10srhHt69pXS8PbtJK52IRznWhr3c4C9b-cNCJvVokoh7zxCUxvIRaEnsGy8HXh5peMj4MbrHsSV_3-9b-O0WLSXTA86v8rkGAWoNAMvcE8Ubfus8yt4gGqdRMh9qWYPcUe1nTjRaj9ye_qrAnYEr1pQ7IQ83CRb_zIkZkmK_v235WV0uTVN0i119tgGyiPQVTvxvJw6Ae1CeixSlbHFvEQhq7EHhW9QxMSa6HWvESnYXabHyVQaa_KdKpK1iJ6T8QNzy7PtsO77EjjR_jNozjvsYyniurtUfgNx0JhYgaEA5pZZ4ZQWJ8W2cfMAHtYTF6navcwOr-yrHGKRwqHJb0agvAxWGG-hLSi-gh8Q09rvIzqGuv3N7n1tPw6D7CuHJ1mMs6y2yzpGOFVl9I3iaa3rczaYYX2YD3lmOcxOVlzC95XfR6BYRfVH6_kvS-rOcMsd3J-LIoI6a5Hec2SExC7BiTuWXHw3qPGsu4K0nY-59u1TY3uyWfqawuGWqfy0woGBV0GCG2cKp2wmPXXjWVSD1C4fdLhQGl3vgKTs37mYqmOy_pdsE8uvm_ulAvQEoxtQn4-hJxYEyvz1upqHFeiWEeoQROCqenDgaEgDkkKxQlVgaHeV6lDCc_e3ufPnKBS0pl3sdoHBPS6Lno9OBE1c=',b'gAAAAABqlWH3Zi9bOsRmD_DmV0JGv-3jMCIf1izx-vaegzyEAHuFPbgRX-pCeU7xo-uD3Pw2x4CEpbmk7yDIx2aSc-PVEFVY5UJKL9kNUD2jpYrNmcQeQJQoX_PbY4JTTi5MBGno-YYX',b'gAAAAABqlWH3-P_NRF9hH8jANsDlDeuNEZ1wJW5tdl1ztlwEQUFSBbUI-65_Wad_2lN_DlaVIhaACfC4FJHszSTdwNoAteYVezBUuV-aPnItPsllsSvdeaNlpCEg6ZLn2PUCZDxMOVFW',b'gAAAAABqlWH3Vy0MNn6lu7D4NzEofpKIzt8QbETLf-5I9_FUK2ZmnWq1qRROgh6wzp5A2RYL4Zrbjpk_8DJLiNpqHQmeKX3SAg==',b'gAAAAABqlWH3Wj-hkgcsBSaeWrOuiSlvPtPVFbnz7_FYYFiXck8y5069du6ddVSkQtJjg-SRnUHvIVNLBqOgAg9T_WmFvl2Hwg==',b'gAAAAABqlWH3-MBLTXUhiaqILUGXrvrKcIzWKy-31GWG058C6C4TlYAqgkew_oe1uVsJ3-A5xL6BV0wXtu-f59gMiNeFBxBauA==',b'gAAAAABqlWH3BYEp73UZX58j_GSeq21PufQ02jq9cDoCkcUeuO4dic6M8Hfq7DMSLTpTeODoxyMCPXRF2pe_a003tlGSentkpQ=='
project_15.hash_brown,3,15,b'gAAAAABqlWH3iBRmD208i2hsu93GYgELW1tVp38ILJHMY0CEj9q1ASvglICdjY5XUWf_tRhjYCfgSyagxLW1nBwIxvzX7eqnfZqpiU_Ff-fzPDoHm_s6fvU=',b'gAAAAABqlWH3E6hVIqyBzklbDRjPd5P1btuvSwRZ3oIoV6-VYQtTlG26X4ZgtLO_HsNqGtofOiUH2onBanHHiXBC2j8VKg_kIruAOvt_mssZpDg3DOMp76RPOGzxiknSxmHMT5H7FkRpttsE3NV9Ie-LdS2MS1CGPaWg9P4kT6OXNbvzKzG2rqc71v-0kYjhsDM_rKQ5RbGHi-b5qgBvgPW42gCPHZk2LDfloldI95hc12rDfj3u00VLjZ703vLq6KHOHFTYuwtF3SAJGVqAAugKe7DNcQk-R5R-3cnuhGTW-Xoi0atGyHLeIWZuqZsvWzG3VbX-AJdwSA3a6nPWAJdEB8Ovx3luozHhuuH2q_rnaRw_YJeKOmQ9e2rzfg6DVF985B0bQWwUVIdmd-m-wXMVhJe3sgNxiGrJs2X1IdUlSrAKMgwbs4A76pMMwoMPtM2JScibsvjkrcJrywv3C7LNlQEySEHsglYnCfCcksbrL7vqfm-tiT6h5LdUechtff8GuLI2m1xqTVVkTm9LSjvOYs2grgimfA1vkRRWaqx6UMkOn8T5zt_a0KR1dfiF1yJa4cS8eUdT',b'gAAAAABqlWH3sYH8rwCxQPT-gGUFsod0B3Mv27xcYVVNlAl-9hXKVmFTds1wfd6zxOYNu1ixc5VwNNVn2shwW91yYNcB2AyCft9zWp4Zg6lHygLlXDL1Jqv9oN0zykNpAhdo-mNzXi3C',b'gAAAAABqlWH3Mi9Zfjwx9tkqWoxxzCbufTRUDDADzPh3K2eWHKjp9wwpnj65VLJyMjhGx5_7luMUjSFEBMtRQwHLdE1AHhdYV2hnbqzVdMX32Dhk3IkpFsNQa9PQOPFpROWG9ZM7eKHh',b'gAAAAABqlWH3jQSnC1ko4YzyTau_XBzLGP0IIKfj0BCss8sJPfmMPRVVFug8AD3JoEDjVughgHhJHIO_viRxyEDwBHokNO7ZYQ==',b'gAAAAABqlWH3T_NuslLjZ0sbbIGYwfJCtOEbVG0r-5auUJcfvtQYaHxAxQwBozHHdHwjW18pBcEzRb71mJL4lFGt749huA2XmA==',b'gAAAAABqlWH3l_u9DLdw-ALwp6CFv2IMQmZDY-chtP00VhRwOnbbcnKkRL5Oe-Jw9Yic8lXM90TFk2BsWZRImOzuDSJ0G7jxog==',b'gAAAAABqlWH32VEhVN89cpWbhZqa8lwavXvHXbXUmB3pknN3CoVZsW1m6XCecWIgigVkfAfwpmIU6Tp-aHBL9fkqHd8UdgKitg=='
project_16.hash_brown,3,16,b'gAAAAABqlWH3SJ-X3_txdh5Rdd6-_F6UyXtV2RNXGi0dPuB1vPPY_bZ_CKY463TKRVfK_plngz0kMw6nE-EJNEspbbmtLjdRKV2dnImGthwtlJM0fnahr1KWr5PURj1SAMUkl48iVxuw',b'gAAAAABqlWH32LuZpey3-BguAbAjaCKrovHZ_aOgRpE-OClswlupUEhxlbfMVk5W4vCDsv8DzxJYOeSjAmHq3mW9-bZSafD8VBuAdtAJr4KF_MDPMxEezzF9yqC_Nx5KxGV5NQJXzcImWCxMf7iKy65cca42OC5iTpXOIeQLZKIMvT9eGX_aFdCKdEi0Bzk1ePY8RBO5vcahtdaNpCajJTNC3dsk-BcF4rFHuAIMzojLwXbqU1e-TPPJpXDCT73LS9_u4HcVzkuW8SFcHBfD7ZbNvuAwhM0Cyosy7QB1SM0b4JD5Q1vox3_Z_4nMzH9fxv-c2F4uW8psb8giNybddJMO3jSwbxIe8-kyW2FnnPluGdChJoWYKjyKIOQTfViDc31TrDjRvq3bS1bohqfw6dsy9IyAyQsxroVX4kBouPLiFsuWA02hgeBQaovbIrqR9NQykKU8fVlnYA_mmLXc2339KYSZK5-FXt82cRMs2ss8ddi_HxRGs0YOulXOOS6Rsxxl6bo54NGgFByYp3RX5RWm1uo58_L9Lis4AaELQfU0IUbGtnIjgpHVm3zzAb4qHJWHitulMCg1DSgn1rVQuizdmcK4G20OSyZRro-Q8_fv0t8JjXNyGe5WNgV_GVteALLjDuisGRsrFmRqdzeyRw8xJ3AURg1KBwhXjVTSQr59XFVe06up_o9Q0Hf4YfKE_ugR_XS6oey7Z-qJ0UZulkUyOWdyMen8M6AvNq-x8IaoarN6mprEDnFQ-pkGRRPzA-l2WWataEdjrjqdCYFfQRDvPrC9uDEyu01PHHxzcMub4UWLdA4IhaBM64gGPRaPh4UlZMo0VTS7gvmLKADGWdef7lKt26AA94BNQaR7lDK1QomcohdorR52Rr7zn4YCDcgaWog7u5ZzmcsAs1IduhilSqpiVmCrFCykqvu7CXHruTvYWcOVEBd5fejXONJEBwE3TcjU8ksLBCPE5oYEtIAUvJEQOMnGQw3Fyh6yHNlh1ITsAN21a8mED7rQf3bkHMUCkyao6Lv1-ht-91bx7t2FW6F3VqlFgQu92wYKpyMKxtUwDeaIHemC-qk1nuibRM0Q41RF4rqkF4s74r7I5n_iZ_Me0iHvcEU6PWvl127I9FJt2JwNuAHg98xZy5DUhELfbJ2jFeF68gr-lJfxAFCX32sMirZOaQ==',b'gAAAAABqlWH3uWL-A4vjpN2GYFqZj5_JsxO7XXVz-iP0bXhTglwsfBxU107D-IgPRJ4QJ2BJskfKGD8K02R6ckfnC8j6rj9Azfyrq6s17hMS-Wrg2DdtZdQoVtEdt706KZujpZlurl5U',b'gAAAAABqlWH34au9tyexLkcOBXY8bj2kdR-3PujcTsHetQDRQUVrmiUHNSix7U0GUzLKCBlTKDu64XQFe8P6WLEs3dgDY3fgK6w2dAnFJcprePLa6jfFamt3Wb2wimKxd7qh36CumJHl',b'gAAAAABqlWH3eTYNffa7fIB9U9bdLsI09edc4Crl2CVICyrvrQRLCs9jTK2J1Kda4x6_oBDFNEGRuzQBS9BZZm8kmrd4RfrJdQ==',b'gAAAAABqlWH3IvzhUJNLBOp0-HQMdoEuVyLjtSbnOSe5H_CcsL3_ZApw3C6vEyRrR9g0qb8a7Ck5kbIMq6qqkD2l_s9xKt6_NQ==',b'gAAAAABqlWH3UviyjNHU_1ZFN0cXHa0O00Fh9Mg72eeLn6XYOfmC-yui8hxObWRqMPgiyZMLFZnmuLm2zUROo94i9OI_Hm3zKg==',b'gAAAAABqlWH3y2shA8gHUPD9QMTy5NTH-fZy4WVuuVeVb4x5rWwdxEFx6Dfv8FUgCzpExATY5DfJ4msM8wVCYYQDfjiNDcwWIQ=='
project_17.hash_brown,3,17,b'gAAAAABqlWH3HbrGLcn-MpzO2d0x3evN_elCZrsqTsYrLdJ7iaBr0KcVoIMNBjFVx5qvUURhbVYO5VbR2MKL-rGZD6_13g7Gks0YtttMYDGxCyiqtixOQ_I=',b'gAAAAABqlWH3qA26_hinWBCScARa4inwquCeOSh41J6ACW1YdJ49nUatJZXifN9qImpOl2bLoaoNh4YBIY-E3-ExyWSH3urB6OGA0gWGrUuRjDxmHWw8IiVG15qpVlUjM7k0DUdIxHCQ2He_ZPRtJho452d5_Wo-PHrkTPKkYD43ekmbZHdOK3ypfC_r0ccx31yo-STCquVEZZbu5Wn208rWUv6Rqm34PY0u_d4znhKVbd0V1NSQm_DNqUIVOj55u9RvghxnCntL-HmN1xUQRx_0sqm4QWFu02L5uZsts33uUCvTMxQb737WiK-ls-Xy6mwosOIK-DEEvHsjjqD8ZacZO8Ub6DdJsIzzyfXttW_nxeGQuUQBy9N_3SfOI-q80fT1bEf5f3Ntluu8LGchKcpFu6LcBPbqPalY9Xoyt6vAT5zploUFBtVDviHuioqoaGWXIEMHxFjBN8ZyXZ0-0gOGLzgfUiYW-YCPNfbrFhX-nTmJmwszB1DpcEViZSJJdE74LQQ3IhRdx9QmpIdxJPd0Vfb53MrEHT9sUKsls7d8q43esDGBJqPxWcQNRr9PZC2WrPr5Sd7wH1Ke8Mw8mdSUYidvZNEELxl4ZCMCY7oZHzO4BxP8FPBqQCGKE2NEKeqxGZoeIxlOQxRYNh-duHP3zNiG0IZG3otmTMqnX3MGne5niP6lHgTx9EgWHIETNvO2z_AEj4i15s1U0YV_b5csOY_FiYj-Upmdv51xcJJhI9Hncf4qPGI2Fqv-wOcF_DDZbsouGj1a',b'gAAAAABqlWH3j1IX6R6Uh0lx97EO6NWol0-pcwicUox6nMAOYJMib8XASUVND8z-6vZp7ZPt9soNoD1y6b473oUUtmL3b4kvM90C7ySAiTRNLWb4rBN7wd3fGOejCDjx3NSwE3pwpS-q',b'gAAAAABqlWH3u-dx1ve3HCDQ8mzXJOK-Cb5IKBat7UwtPjTtRlU_mVigz9Wl2gjnAEziG2FdFVbTCQWP3cV8T0B4CiKUpPR5aWIIh8r3F_VJazplhRHkc7b9_KLCEx2dHEP-F-QRJIKf',b'gAAAAABqlWH3QYTyohUeV9zWHmc7UbwJwDVsnqwZhKVixJib0vqNNJEvvKJCgv_55V4zSIQNHcCa4L5NAsubqjr6AvOSSL1FAw==',b'gAAAAABqlWH3oFQKhAhWt1nFGvbdz5gvGIYoap6sI-ZqQ-CNdZDJGTw2jCpSo8RNRv1uRAMrPTzDViQ3_2-rle5vezn7i3QYqA==',b'gAAAAABqlWH3D_GRWVDIlcibdoUNM_Z8QlEgsreZXBy6UETnI-ThsfaVB4u6R2GPw6TOVsvcKEWWOgVQGEb0dk_N19cp5DtzlQ==',b'gAAAAABqlWH3LHFuYIUA_0CW-fu3zjcjv5cHPKsg-7rk_i11f3akIYBm-BB_rhWh2ojpdNSSvlADDXGag2__uomFTCgJAioo_A=='
project_18.hash_brown,3,18,b'gAAAAABqlWH3Z8qNjyImDLc6jNE5YJPO8-X9XDOx3CUHQH7BXVimyEePwyTnP-JAg8ctrp-aA_at4Q6SGAjL5FkJLCo7VIC4iL_I-p5tBRvCu6l5G5ZM0O8=',b'gAAAAABqlWH3Efe9erEj-iYCW7DgCJxSysiQXKFJWgAGgzDDRtzou60LMpteQ7UBswAFNIXCDdIzkW99HKugswDJ1YZfQrxW2561XEDLf9BGb9_yLuXWB35P1p8rEZAo3VxyQIBcgGkVc0EM7nwYMOeWTGAKoSvoKaw2WE3oymso7tGkTql490IxxLVQbEQiciC-ykygBYz2',b'gAAAAABqlWH31nvm535vaniP3a46596Q-pzTf9_q6X3CZ4ZabpfwEMHPIMFxZL9tztgVr2db5L5IEz3a4KfxzelXX8WrhiDNKJuB95RvutXmWQC7_IFuCNIGLwJaTpIZaCj_y2Ph5ERZ',b'gAAAAABqlWH3ouVBVfyeHCQXGr_qO24gdMM24fMsIC3LCq3hd018sTas3kOTxnqbnOgmvSPqD5e-8L3_ykmsCwggz7JbiCe_VLKx7b5WhjupGypnON9NKZZvbndrWOZhC8XlhqjhsnDR',b'gAAAAABqlWH3EsTIC3vyaeWdWv869WN3lZGnpgOoMdL_VJTWr4dC8y4RlJnpzxSo2jQaRekxEE93WHUKGtgQ5sxI3mlvgZ0QAw==',b'gAAAAABqlWH3SRMqC_8E-7JuvI5LsELdEqQgzqbS5G0Je44dffrs-WTsJgqa7W7a6inOt95EpG6h_nb-Q_QDefchaRHrgMqRPg==',b'gAAAAABqlWH3SGPdT5wR337XmndW58FZOvwylmQYEYw2h_elDbeVelnfgbgNThszUMulaVW-Ck18Schk0FBUMoSjodXGvlC-GQ==',b'gAAAAABqlWH30pYXsdz2PnG8k60UWuXdGJ1ELqbkeQNuSoQuodVfvbUozVO-USsTqJyhoWokyt3Uq0RRZLWPneTzsplrav0ruw=='
project_19.hash_brown,3,19,b'gAAAAABqlWH3RWNeE4Qkvqc_x8eG4obBW2UEob35YmCJgn2-0gaA0tOf7jkeprRvT5z27VR34VXY2lKUE7Geq_y6H6GzQ2gQqiI48pWtTRqBn3md4il5J4k=',b'gAAAAABqlWH3AP9fKNRHwyHRkkY9CPIFOAwWNMISoae1t9IaGXjf-jVDHmReG4dbKmmJVDQgGXQbbYfmk-iAk4kpfZPwxc4wxkimuzDaFJ1WQNMy-72mhxzb0HCQAqcc1EzgpqzeUtlAF2_zfNhpM301G20WY_o5YDzZzB6JwZIvn17FaAF0fKgfG_UX5yGa2PGwEXdj1OWpLVmxsyuj89-NOG9pQ-ZTemMByqhLjCC5a2S5RJdPwrwm80TFRjcYYFlM_x4HcALLo2KKdRk0Rbr5es2wUqDBJqZ4XnlNT7aDlXt8NllbKR7JK3hr9RL1yDZ4x8FF8eHxdUdjy4HbGom-6_dWKV8RrhFWvnNeZlH24lRr-i9CKBtJXcmfMgMoXU4WViEmT6Rt',b'gAAAAABqlWH3JCoYwQ1dNlmJQQhRw0fzTeJ9H6cm96XHVvPTpzmNphqidjvD2Beb07SXEfy1f6g5q2Y5q2XmgobXZ0ucjyY2MTc2xadDFyqQZbvQQE1JTQOmLpanxtWoaZvUDgR2ilE3',b'gAAAAABqlWH3sHZHuDQwoddHo1A1iQ81KzRZrPtm-3Au42c1o2sZHib3Zx7Cx57trlXwWwvhXH38_5Cz1cyxpCp5SwCpB8rNYHdVuvUxVd1BBbMddfgSMub2RU87omDtrVSqxPU2GXvD',b'gAAAAABqlWH3JRG0xWIHYRWQTZFcwr66RbjvUPnNEVDvEpEtKdke--pNCscW3M6RkPqonwsNpGVtLyLeKSG2ModUHwRGAFgp_w==',b'gAAAAABqlWH3Z8OVBmUgwEdcojTtIsVR7nniOy2PCCCXTfYIv9MugD34jcXTI5HG2xK5tHxsFcLV0EVfuytLmcS7b87C9pxH3Q==',b'gAAAAABqlWH3MN9TH9CPF4ovftuUhwedGimSj3ao5f5_gpV7YYB0ddjRmHpRrIqjC8q4GemRcrscBA3VRHeXhe2BIGt4RhUieQ==',b'gAAAAABqlWH322F3wBmXFC0tRZZ9sQ7Nx_qLP6ZHUJZf08PJrG5fTeVynrfvDq8bUHNNK5CrOOwP355wbTz7Oonjqwv8_ss7kw=='
project_20.hash_brown,3,20,b'gAAAAABqlWH3G1V4L2SsDHqyZAzPeRjtaT7f4vxYwWorwDOmfc4sTCDpjwiiDABtb_utcDOw8TXyBRzSVTOj_WdKVHtygWR8F5LHYdK3IB5-HuX9Wofq2jQ=',b'gAAAAABqlWH3xOFkQlJpRN_UHeDJTyx2HCAvSRHi3SK1dkZgVf2XpaeEG7-2-XgYXEiPiBnyDmvxbZbvLEDTDoBtl2DhWQ-OpM1QCEmXwLEL2wG3PswhpgfDlCVsO7ppbM7g_XTfRzKwp64CANRJJ47K2T6sVMdDJ7b5HkmMKmtuTTLRaQ5nylxcXKB3DsmRiCADcxgn8Fk1LXIlAFdnG-31k-qOA6hpIQv4PoB12RbxuoE_IjNdYUGVHIAkq13t9LdYkNOHz3T4MUfzYJwZo5j6yQn2mOo8UUHuD9XNw25JobmGg_K4RD-sZ6gx0kevGWUVk5uI-FHckEG_PaqXeHD_u67SAwB9GiMwMCggni3Z2rHtCyYih9mY_I6Nief4Yet2N5097nhljKv5a2C2Op6kpRiTwpXQDg==',b'gAAAAABqlWH3mR00VRgF3jcR_xr7MCbh-_X0MF0ewOSQCyCav32EPQJQYfdRiubyUXeGwpUlMoESnVSf8Q6A8nMvbJmSzcJ_KZ5LaNv23-LfaieN6Itdg63UIeU8wGk0SCIVp6nk5vze',b'gAAAAABqlWH3Tv4mCiUyiy-cXlF0lNCYXrz0ljb-mU0EKdT37ne4Gd6yMIzj5Nn3FByc857WyoHvxeHds8hTc4gE-YMlWYuqEyPXi8P9cTF-R76rwLB7j1w=',b'gAAAAABqlWH3xwWd3IESmu0eyWFbzUR7WKu6dLb-YZ44ze8KKOgJJ5Xf7g9WX-9lM0_5BHEUJNdCmMolVKWsiOymqNO8mUmh9g==',b'gAAAAABqlWH3yTnxIaNXl4Y8X5LYahk1j7fdlA5NmTWtJZZEbWOdzczyyjU05gq6VhIH7d0Tv3bHer-JIjIN2LOPc9PYF-L8Fw==',b'gAAAAABqlWH3oFK7_1gfUjp8k9SGLO0E0WSlr1bGFla0236njoo3O0ibVvso7GkFEUdD-uNuqgElF6Xok02bWz5_MhG0udZDJA==',b'gAAAAABqlWH3rOS3cIepcqKMYhuqJ2UDP5zefEubD1f7GOSpLg3KcczqNWKguj8Bb3r5tGCMkREDGG38nXK2LGGQF0pUoG1N2A=='
project_21.hash_brown,3,21,b'gAAAAABqlWH3XTZKIZ_CSmF_oy4oBy1MtvccZh1G_xcgNHYUTMaP5GnijuA8j_XNIWlFOt9oC1WoBeQcQgjx_bA-fNQnZRhjdw==',b'gAAAAABqlWH3DhGQrw1Hu9AxeWOnym9vFgLC_DHNmvHLH0m4JFI5vtNDffC4a5IMDn8-OHE0L1-EEZlCKoMKItfONMyhjBhhtgW_MdIMN-B-X-fyjzDLGTXQNdk2nKP05CRocVjEuK4TI9cqDfyee5Rxi7fyLRIrpg==',b'gAAAAABqlWH3jLebkihbIReSM28-jCbFzrE8pqg5gVBwGB-kBk_jVF41HK7Rc0Ky6ddDEmKdMzApg4rgHZ7hvQ5lb8cxSnhN6WxcdWDCftqGBtzZGQcLg2Kx-uGDBtrfi46QaHPy8Du2',b'gAAAAABqlWH3jsOG28I95Y8jAqCnAMOj2aVfMadk6ABMdkHCruXB2FXbYrTJr8aoK7ZB80E_40IPNe5fEfo7j4YonMW0wSHAvkVaeiP71CDpKW_o2ut1cT-z7iufgXBO44s1a-GKFKdZ',b'gAAAAABqlWH37O6u5vgBuOpSjtWMNI7uBxnufKbWjGASR8XonZ-gPqx6plwce3tgokPPMQ07urkBFTLO8qTHyRcXsuvHzVGQLQ==',b'gAAAAABqlWH3MfIhRYXpaFRyG1hngUFDl_RH35X_IPDwCUaDf6OOkv3B-RT0H-8MtBEBB28dW4jHy2DnYGXCB1yW8BcT6jMP_g==',b'gAAAAABqlWH3-Hf96UHv4p39jy_8wwCVWMmvrVPRIaiu6rCWEDZ_ocdQQ1ygpifRll2e1RYh2DQgBs7YCzHDRqXGbOyK1cBclA==',b'gAAAAABqlWH3k1iWJ_ODMACvDjDCH08-ZKi2x2tSMoSeU7unuLy8jktoZhi-EHiiqUmhLk-lG39XHn-53JGemIh5carlaOV2pA=='
project_22.hash_brown,3,22,b'gAAAAABqlWH3bzh71PmXOYN8Zlr_GLODxSSfj8EhzVz8DD8Opx8AEoB3tVzitb_DOh5lbgGNN_9JoXBXY8LjddJ9c4TIDleGOy1KDSDcUFylbXSc5X-kf3c=',b'gAAAAABqlWH3in9efjwsTkNzwv_UgbMh4m1cO98y74cEs6BWONZAMILfdmXV4HyyI3nj3xlivcm3cJb09H1rSmWU80y7ByeH2ugHBxGeKXh0RG8SFNDUNiQ1Jofd_pk8c40jmlscKjvl1QXja5HzA8THL61O_DiK2gR1e1Qll7IMq1gJs-NZr-j_ZveOZH2p7wG4QsLF385yWeShYznFmZOv-jyhi_gDPRnhqRjQ8hjxAzHsf57p-yB90s4haGafZ0AHC8fJEsyDNLxJLalYzgvErmWkkTrKve_0Nk3iVvuw3lvD9eYUBqFUdv88qyyztJLoNTIeDsooxHcVg_ZnDURhlIGkx6-hBg==',b'gAAAAABqlWH3B2n33lsARwMfKduhIh8ZUk8sknXTb9lUO9DPgVaoyTHnLEU22lFoWiDBPUcK1xPKwa3cecKSv-KJPFEwXpQIAvbirRtX94OqBGF1p2c1spGlWVZqgufmJC9BHc1kfp-t',b'gAAAAABqlWH3fllNsdrMdukYUN2Tj9os5d036_ZjMz1sNlQqS_u-ZK8Bt1l4tCQVr_f1CfnvtWy8457efucrQqTB6n2bwx8HAkPLquoEHSSdvkd0RSWnbvgrUjTwzq0U-375Eerslw-Z',b'gAAAAABqlWH3xQUdwlshearPqEwl_LQvbdQ-IEyYhp2NH3d_DhZMXVxaPS20xTyQ8LlsyBuHNOMCiMlkGX1QNxygghYnOHLhEA==',b'gAAAAABqlWH3auA5wzMpS9GahPgemvRAhT4ZnbXNA2SbjIQaa87R9elBtlUeG9ngVRa2frbdc9OgDwsQUhC0wujBpNBHRjtIGg==',b'gAAAAABqlWH38ObT09a0LTlHBzsuBBi8v6iOch43Yq9PEolD_Axymg3yz_9UC7n8jC00evsaRuhbmTJPtMJuejyndpUubLA2Tg==',b'gAAAAABqlWH37cm-wH3sl3tTszI7b4jKle0Smj8JDDAXkW-6LYu548zjhDNBFVqaKBF5NS0dTrlSvvssq_ZVU5nMmZCmwDmSYQ=='
project_23.hash_brown,3,23,b'gAAAAABqlWH3Vd7FLr-RDLyZ9YzwUiNmXPXVks4KkEpzP_njzVmtb85QMdtoVAKh3yyHm8Efu7EA6K0YjTxyyZP0yiwkZz_7NWcR6qQSIt7sUTmIX5fmnyg=',b'gAAAAABqlWH3aPMHxTXv6LXKFYqGHD_-eW1Ff6OSaxqJDb9x_eQ3AYvkTntXRHw7UNuNaAvQscn3ByTs4Y9TOzOgUIqWtiIo5JiHlY7whLcsZfLfi2182BgfTVrIa9WkatJKQxsBjhefZx91cDgbtkl-lFP18BFI-a2atudn5w1LroJQNW__VfeL_x-euPFBWBbWHSx2o9JzYh3uFLI_vtIhJmxnlxqIPfD-qYj9wDeTZjFwzkOgBIGB4OcB_DPsUj4UVX94HLei',b'gAAAAABqlWH3AtLqCSQss23Ct6k1k19usGd0wX2BNwyafzCWn5XoFBUGi115JD-_cyK3qkqYTK-BtFNDW87vXdeF7TwCu87KnC1mkE4NvKgyOmLVqoeKrZIzrEqfDLpXQ-lKMTun3Nzk',b'gAAAAABqlWH34NAfI85QNq9uWWbk_CEBI-iypRhGclAxvH_4bCSDqCLrZuu2UTUGVNJspd9UdG2VQEdqF-BSy0WJ9-ANEcfLH8RzPla3Q2caqxVnOVM4vQQLd_5nliEtFht4aOBWNP6e',b'gAAAAABqlWH3MofsSEcdNIIGDdTWaVx7KE1hQZJfOR7e9CzoxxLKM1avJZT7O12vz-edNP7G8zpdtMI8Gkso1SqxyLL6sZBA-Q==',b'gAAAAABqlWH3UrThGlqN7Qz5IjRt93WHy8b07CmuHu_tMMQoQd3fOq2Nfe21uC2h_T5kAHuRmBII6Q8Sw_5cnRjTvnYmGyn-xw==',b'gAAAAABqlWH32ViO8b_QkRSRWTHBCkIlciBU_Rm4ouS5gOTkaDLK7Czv3TlWrOjShF7lpjgitqfIl6-lo_fVSnYk935wigdDbA==',b'gAAAAABqlWH3IQ8LN_Umz-0qSi5nziTARxEis4b33Jn3SX5U4yI1kuxiAtr7DIQp8SWUMqbDdN12KozdiijzC3es7DPU8mvQtg=='
